{"accuracy": 0.9736842105263158, "precision": 0.974025974025974, "recall": 0.9868421052631579, "f1": 0.9803921568627451}